repository_name,month,views,unique_views
authentication,2024-07,1265,147
authentication,2024-08,1343,92
authentication,2024-09,1691,163
authentication,2024-10,826,147
authentication,2024-11,1420,158
authentication,2024-12,691,110
authentication,2025-01,778,154
authentication,2025-02,1068,167
authentication,2025-03,1156,195
authentication,2025-04,906,170
authentication,2025-05,1379,246
authentication,2025-06,1457,256
authentication,2025-07,1640,260
authentication,2025-08,1157,231
authentication,2025-09,893,200
authentication,2025-10,1010,216
